id,nombre_crudo,etiquetas,x_gk,y_gk,lat,lon,en_mapa
001,14 Provincias,10,4333403.18,6442552.13,-32.147938,-64.766515,si
002,2 de Abril,6,4334226.58,6442605.1,-32.147582,-64.757782,si
003,25 de Mayo,6,4333032.89,6441567.94,-32.156754,-64.770609,si
004,9 de Julio,9,4333528.33,6442299.38,-32.150235,-64.765233,si
005,Aguila Mora,4,4333843.34,6440893.23,-32.162956,-64.762139,si
006,Almafuerte,6,4334201.12,6443512.52,-32.139399,-64.757894,si
007,Almirante Brown,3,4332918.5,6443236.63,-32.141696,-64.77153,si
008,Alsina,4,4332887.35,6441375.82,-32.158464,-64.772185,si
009,Anisacate,1,4333110.14,6445246.41,-32.123609,-64.76915,si
010,Arrecifes,1,4333670.62,6441482.43,-32.157619,-64.763867,si
011,Arroyito,3,4333147.61,6444468.56,-32.130626,-64.768889,si
012,Arturo Humberto Illia,14,4334254.32,6443698.03,-32.137735,-64.757299,si
013,Atahualpa Yupanqui,22,4334483.67,6442827.01,-32.145619,-64.75502,si
014,Av Jose Marrero,9,4333521.1,6441809.85,-32.154646,-64.765394,si
015,"Av, Virgen de los 3 Cerritos",4,4332438.71,6441751.3,-32.155013,-64.776873,si
016,Av. Central,9,4333140.7,6441439.55,-32.157927,-64.769489,si
017,Av. Costanera,6,4332609.92,6441300.63,-32.159101,-64.775138,si
018,Av. del Parque,9,4333216.23,6441299.97,-32.159197,-64.768713,si
019,Av. Jesus de los Linderos,6,4331981.92,6440858.93,-32.162988,-64.781869,si
020,Av. Lanza Donatti,9,4333390.51,6441703.82,-32.155582,-64.766796,si
021,Av. Los Sauces,9,4333422.49,6441977.87,-32.153117,-64.76641,si
022,Av. Virgen,2,4332844.64,6441168.35,-32.160328,-64.772674,si
023,Av. Virgen de la Merced,7,4333407.88,6441115.34,-32.160889,-64.766715,si
024,Avenida Ascasubi,9,4333857.33,6443737.08,-32.137324,-64.761498,si
025,Avenida Yacanto,21,4334856.94,6442367.91,-32.149812,-64.751144,no
026,Balnearia,4,4333485.21,6444693.05,-32.128652,-64.765274,si
027,Bartolome Mitre,11,4333971.86,6443787.91,-32.136883,-64.760276,si
028,Belgrano,9,4333118.64,6441518.57,-32.157212,-64.769709,si
029,Bell Ville,2,4334517.05,6443302.64,-32.141337,-64.754584,si
030,Bella Vista,6,4333202.38,6443834.52,-32.136349,-64.768419,si
031,Benjamin Franklin,1,4332604.13,6440196.53,-32.169052,-64.775392,no
032,Bosque Alto,3,4333270.65,6441194.77,-32.160153,-64.768155,si
033,Brasil,2,4333797.72,6443321.2,-32.141064,-64.762201,si
034,Buchardo,6,4333021.22,6442360.88,-32.149605,-64.770595,si
035,Buenos Aires,3,4333468.0,6442028.61,-32.152666,-64.765919,si
036,C. Velez,1,4333959.02,6441366.91,-32.158703,-64.760831,si
037,Calchaqui,3,4333135.41,6443636.24,-32.138126,-64.769163,si
038,Capilla del Monte,2,4333075.87,6444460.69,-32.130686,-64.76965,si
039,Carcaraña,4,4333012.03,6443210.41,-32.141946,-64.770544,si
040,Carlos Arcusin,1,4331956.71,6440429.63,-32.166854,-64.782212,no
041,Carlos Ballestrini,2,4332764.07,6441851.65,-32.154157,-64.773408,si
042,Carmen Marcos Gigena,1,4333962.59,6441407.57,-32.158337,-64.760786,si
043,Carquejilla,4,4332352.87,6442067.59,-32.152149,-64.777727,si
044,Catania,3,4334289.62,6442222.31,-32.151041,-64.75718,si
045,Cementerio,1,4333827.83,6440839.14,-32.163441,-64.762313,si
046,Charcal,3,4332337.59,6441364.92,-32.158481,-64.778012,si
047,Charcas,6,4333885.98,6441958.36,-32.153361,-64.761502,si
048,Che Guevara,1,4334725.17,6442014.23,-32.152981,-64.752601,no
049,Chilecito,1,4332658.78,6443347.76,-32.140656,-64.774262,si
050,Colombia,7,4333552.93,6443044.99,-32.143517,-64.764842,si
051,Colonias Unidas,7,4333093.53,6443606.72,-32.138386,-64.769612,si
052,Concejal Alfredo Busto,3,4334338.68,6443011.16,-32.143938,-64.756524,si
053,Concejal Palacios,2,4333152.68,6441895.68,-32.153818,-64.769283,si
054,Concejal Peñaloza,1,4333953.91,6441333.79,-32.159001,-64.760891,si
055,Cordoba,14,4333399.77,6442792.69,-32.145769,-64.766509,si
056,Corrientes,7,4333680.19,6442297.49,-32.150274,-64.763624,si
057,Cosquin,3,4334054.72,6443653.42,-32.138107,-64.759421,si
058,Cr. San Agustin,1,4331673.36,6440898.12,-32.162589,-64.785132,si
059,Cristiane Quirino,1,4332038.56,6440258.27,-32.168411,-64.781375,no
060,Cruz del Eje,6,4334210.42,6443869.02,-32.136187,-64.757734,si
061,Cura Brochero,6,4333775.59,6444994.91,-32.125974,-64.762145,si
062,de la Merced,2,4332890.83,6441174.6,-32.160278,-64.772183,si
063,Dean Funes,2,4334504.32,6443986.95,-32.135167,-64.754601,si
064,Derqui,6,4333204.51,6443709.84,-32.137473,-64.768418,si
065,Don Brigido Torres,7,4334111.81,6440769.58,-32.16411,-64.759316,no
066,Eduardo Galeano,2,4334555.62,6441219.12,-32.160123,-64.754535,si
067,El Cardenal,1,4332793.67,6440320.17,-32.167966,-64.773362,no
068,El Carpintero,7,4333053.08,6440571.75,-32.165736,-64.770569,no
069,El Cauquen,2,4333395.89,6440893.23,-32.16289,-64.76688,si
070,El Ceibo,1,4332872.32,6440233.9,-32.168755,-64.772543,no
071,El Chañar,5,4334339.97,6440324.77,-32.168153,-64.756975,no
072,El Colibri,2,4333063.29,6440334.25,-32.167879,-64.770502,no
073,El Espinillo,6,4334227.9,6440211.01,-32.169162,-64.758182,no
074,El Hornero,6,4334526.17,6440923.68,-32.162782,-64.754898,si
075,El Jilguero,1,4333134.66,6440980.39,-32.162065,-64.769633,si
076,El Mirlo,6,4334404.41,6440807.58,-32.16381,-64.756208,si
077,El Molle,3,4334541.55,6440057.42,-32.170592,-64.754885,no
078,El Tala,1,4334828.53,6440986.72,-32.162258,-64.751683,no
079,El Tordo,5,4334068.28,6440893.23,-32.162989,-64.759755,si
080,El Tucan,1,4334802.03,6440988.31,-32.16224,-64.751964,no
081,El Zorzal,6,4334291.72,6440913.05,-32.162843,-64.757384,si
082,Entre Rios,6,4333799.91,6442141.75,-32.151695,-64.762383,si
083,Esteban Echeberria,8,4333043.49,6442878.46,-32.144943,-64.770269,si
084,Eva Peron,2,4334538.67,6441939.17,-32.15363,-64.75459,si
085,Ex Combatientes,1,4334718.59,6442708.61,-32.146721,-64.752551,no
086,Falucho,3,4333270.63,6443640.74,-32.138106,-64.76773,si
087,Famatina,5,4333703.8,6443131.48,-32.14276,-64.763229,si
088,Felix Luna,2,4334742.08,6442159.48,-32.151674,-64.752397,no
089,Ferrara,1,4334454.5,6441937.28,-32.153635,-64.755482,si
090,Florencia,6,4334216.44,6441895.04,-32.153981,-64.758012,si
091,Fray Oro,12,4333067.5,6442789.79,-32.145746,-64.77003,si
092,French y Berutti,6,4333349.32,6443053.4,-32.143412,-64.766998,si
093,Gabriel Garcia Marquez,1,4334721.8,6441294.8,-32.159465,-64.752761,no
094,Galileo Galilei,3,4332023.73,6440283.94,-32.168177,-64.781527,no
095,General Guido,3,4332874.4,6443296.68,-32.141148,-64.771987,si
096,General Pinedo,3,4332999.83,6443629.35,-32.138168,-64.7706,si
097,Genova,7,4334434.08,6441773.78,-32.155106,-64.755727,si
098,Goya,3,4333672.48,6443642.4,-32.13815,-64.763472,si
099,Gral Deheza,2,4333038.61,6444270.35,-32.132396,-64.770078,si
100,Gral Jose de San Martin,11,4334394.35,6443405.18,-32.140395,-64.755866,si
101,Halcon Peregrino,2,4333020.8,6440868.1,-32.16306,-64.770859,si
102,Hermila Galindo,2,4334535.94,6442366.37,-32.149779,-64.754545,si
103,Hernando,8,4333720.26,6444575.71,-32.129745,-64.762804,si
104,Hierba Buena,2,4332585.84,6443124.12,-32.142661,-64.775074,si
105,Hipolito Yrigoyen,14,4334174.65,6443697.92,-32.137724,-64.758143,si
106,Hugo Chavez,1,4334727.73,6441582.53,-32.156873,-64.752649,no
107,Int. Aldo D. Musumeci,4,4334025.96,6441766.84,-32.155108,-64.760052,si
108,Intendente Aldo J. Arce,5,4334203.48,6442936.77,-32.144589,-64.757969,si
109,Isaac Newton,2,4332520.09,6440341.43,-32.167733,-64.776257,no
110,Islas Malvinas,6,4334239.96,6442493.74,-32.148588,-64.757659,si
111,Jesus Maria,6,4333752.94,6444797.51,-32.12775,-64.76242,si
112,Johannes Gutenberg,3,4332227.9,6440871.58,-32.162911,-64.779261,si
113,Jose G. Artigas,2,4334535.76,6441651.89,-32.156219,-64.754671,si
114,Jose Hernandez,3,4334535.75,6442227.75,-32.151029,-64.754571,si
115,Jose M. Fallotico,2,4332464.38,6440262.95,-32.168432,-64.776861,no
116,Josefina Haydee Avila,2,4332651.27,6441580.16,-32.156587,-64.774651,si
117,Juan B. Alberdi,6,4333169.22,6443399.43,-32.140266,-64.768846,si
118,Juan C. Velez,1,4333947.56,6441425.51,-32.158173,-64.760942,si
119,Juan M. Gutierrez,2,4333649.99,6442772.61,-32.145987,-64.763861,si
120,Juan Manuel de Rosas,12,4334101.73,6443538.73,-32.139148,-64.758943,si
121,Juan Pablo II,2,4332718.71,6441151.8,-32.160458,-64.774011,si
122,Juan Vucetich,4,4332197.4,6440651.03,-32.164895,-64.779623,no
123,Juana Azurduy,2,4334529.33,6441794.87,-32.15493,-64.754714,si
124,La Brasita,4,4333619.13,6440893.23,-32.162923,-64.764515,si
125,La Calera,4,4333370.47,6444686.26,-32.128697,-64.76649,si
126,La Carlota,7,4333599.11,6444369.73,-32.131583,-64.764123,si
127,La Chuña,4,4333368.36,6440322.8,-32.168027,-64.767271,no
128,La Falda,3,4334484.01,6443754.21,-32.137262,-64.754856,si
129,La Golondrina,4,4333731.19,6440893.23,-32.162939,-64.763327,si
130,La Mesilla,3,4331862.88,6440849.91,-32.163052,-64.783132,si
131,La Monjita,6,4334666.0,6440523.7,-32.166408,-64.753485,no
132,La Perdiz,4,4333955.83,6440893.23,-32.162972,-64.760947,si
133,La Rioja,1,4333352.37,6442304.95,-32.150158,-64.767096,si
134,La Tacuarita,2,4332937.65,6440334.96,-32.167854,-64.771834,no
135,La Tijereta,3,4333501.22,6440981.55,-32.162109,-64.765749,si
136,Laboulaye,1,4332793.9,6444142.01,-32.133517,-64.772692,si
137,Ladislao Biro,2,4332708.43,6441008.02,-32.161753,-64.774145,si
138,Las Acacias,9,4334120.92,6440416.65,-32.167292,-64.75928,no
139,Las Dalias,1,4332948.68,6442578.09,-32.147636,-64.771325,si
140,Las Flores,8,4332952.81,6442448.5,-32.148805,-64.771304,si
141,Las Margaritas,1,4332651.81,6443070.79,-32.143151,-64.774385,si
142,Leonardo Da Vinci,1,4332366.07,6440702.55,-32.164455,-64.777826,no
143,Lopez y Planes,6,4333414.52,6442838.26,-32.14536,-64.766345,si
144,Los Alamos,12,4333513.47,6440995.16,-32.161988,-64.765617,si
145,Los Algarrobos,11,4333912.67,6440527.77,-32.16626,-64.761468,no
146,Los Cedros,11,4333652.44,6440876.63,-32.163077,-64.764165,si
147,Los Fresnos,6,4334232.29,6440129.13,-32.1699,-64.75815,no
148,Los Helechos,7,4332983.54,6442642.28,-32.147063,-64.770945,si
149,Los Lirios,1,4332809.73,6442702.1,-32.146498,-64.772776,si
150,Los Pinos,3,4333227.47,6440630.25,-32.165235,-64.768711,no
151,Los Robles,7,4334112.73,6440657.83,-32.165117,-64.759325,no
152,Luis Agote,3,4331908.83,6440955.92,-32.162103,-64.782627,si
153,Maipu,10,4333768.04,6441974.11,-32.153202,-64.762749,si
154,Manuel Belgrano,9,4334336.15,6443186.07,-32.142361,-64.75652,si
155,Mar del Plata,6,4333194.84,6443500.93,-32.139355,-64.768557,si
156,Marcelino Martinez,1,4333966.98,6441379.01,-32.158595,-64.760745,si
157,Mario Benedetti,2,4334533.61,6441507.27,-32.157523,-64.754718,si
158,Martin Garcia,4,4333243.75,6442167.06,-32.151385,-64.768271,si
159,Mendoza,3,4333455.36,6442512.73,-32.148301,-64.765969,si
160,Mercedes Sosa,21,4334547.64,6444321.3,-32.13216,-64.754084,si
161,Messina,3,4334219.39,6442361.6,-32.149776,-64.7579,si
162,Miceno Villagra,4,4333873.48,6441237.74,-32.159855,-64.76176,si
163,Milan,2,4334402.05,6441216.58,-32.160123,-64.756163,si
164,Mina Clavero,3,4333582.46,6445189.73,-32.12419,-64.764157,si
165,Miramar,4,4333600.51,6444693.68,-32.128664,-64.764052,si
166,Modena,2,4334382.08,6442080.67,-32.152332,-64.756225,si
167,Moreno,3,4333013.04,6441412.31,-32.158154,-64.770847,si
168,Napoles,6,4334361.58,6441866.25,-32.154261,-64.756479,si
169,O'higgins,3,4333403.29,6443635.71,-32.138171,-64.766325,si
170,Organizacion Nacional,2,4332898.94,6441851.39,-32.154179,-64.771979,si
171,Ortega y Gasset,1,4334725.96,6442302.81,-32.15038,-64.752543,no
172,Pablo Neruda,1,4334729.37,6441438.45,-32.158172,-64.752656,no
173,Padre Mujica,3,4334525.4,6442083.12,-32.152331,-64.754706,si
174,Padua,3,4334369.22,6441359.77,-32.158828,-64.756486,si
175,Palermo,5,4334320.65,6441925.29,-32.153723,-64.756903,si
176,Pasaje 4 Estaciones,1,4333505.81,6441466.65,-32.157737,-64.765616,si
177,Pasionaria,3,4332528.62,6442563.82,-32.147703,-64.775778,si
178,Pechito Colorado,5,4334179.16,6440893.23,-32.163005,-64.758581,si
179,Peperina,2,4332443.92,6442174.89,-32.151196,-64.776744,si
180,Pergamino,7,4333203.55,6443057.99,-32.143349,-64.768542,si
181,Perugia,1,4334341.2,6441287.5,-32.159475,-64.756795,si
182,Piquillin,3,4332307.51,6441484.16,-32.157401,-64.77831,si
183,Pje. Ferreira Da Silva,2,4334014.83,6441148.23,-32.160682,-64.760278,si
184,Pje. Fragata Argentina,1,4333004.46,6442242.77,-32.150667,-64.770793,si
185,Plaza,2,4333978.46,6441460.85,-32.157859,-64.760609,si
186,Potosi,3,4332732.9,6443637.51,-32.138055,-64.773427,si
187,Presidente Nestor Kirchner,2,4334539.81,6441363.6,-32.158818,-64.754678,si
188,Puerto Argentino,6,4334217.49,6442793.07,-32.145886,-64.757845,si
189,Raul Pateras Pescara,1,4332722.86,6440906.85,-32.162667,-64.77401,si
190,Rawson,6,4333384.96,6442905.28,-32.144752,-64.766646,si
191,Reconquista,2,4332883.47,6442202.17,-32.151015,-64.772082,si
192,Republica de Italia,3,4334453.61,6441074.3,-32.161413,-64.755641,si
193,Resistencia,3,4332866.55,6443634.69,-32.1381,-64.772011,si
194,Retama,1,4332442.27,6441779.43,-32.15476,-64.77683,si
195,Rio Ceballos,4,4333256.35,6444680.55,-32.128731,-64.7677,si
196,Rio Cuarto,6,4334214.04,6443081.88,-32.143282,-64.757832,si
197,Rio Tercero,6,4334202.38,6443368.02,-32.140702,-64.757906,si
198,Rivadavia,10,4333626.6,6442258.45,-32.150618,-64.764199,si
199,Roma,6,4334283.59,6441589.83,-32.156742,-64.757353,si
200,Romerillo,5,4332542.29,6442216.89,-32.150832,-64.775694,si
201,Roque Saenz Peña,4,4332873.52,6441520.7,-32.157156,-64.772306,si
202,Rosa Mosqueta,2,4332400.12,6441419.4,-32.157999,-64.77734,si
203,Rosario,6,4333100.46,6443168.31,-32.142339,-64.769615,si
204,Ruta Pcial S-228,9,4334171.9,6441245.1,-32.159832,-64.758596,si
205,Ruta Pcial S-273,17,4333420.84,6442946.21,-32.144388,-64.766259,si
206,Saint Alfio,1,4334153.36,6441479.27,-32.157719,-64.758752,si
207,Salvador Allende,1,4334727.45,6441726.67,-32.155573,-64.752627,no
208,Samuel Morse,4,4332396.99,6440469.26,-32.166563,-64.777539,no
209,San Expedito,1,4332990.4,6441077.44,-32.161169,-64.771145,si
210,San Francisco,2,4334523.52,6443159.41,-32.142629,-64.75454,si
211,San Ignacio,1,4332644.32,6441092.05,-32.160986,-64.77481,si
212,San Juan,2,4333293.65,6442181.36,-32.151264,-64.76774,si
213,San Lorenzo,7,4333703.95,6442144.51,-32.151656,-64.763399,si
214,San Nicolas,8,4333311.11,6443034.2,-32.143579,-64.767406,si
215,San Pedro,6,4333238.68,6443162.97,-32.142408,-64.768151,si
216,San Roque,1,4333895.5,6441134.09,-32.160792,-64.761545,si
217,Santa Clara,1,4333248.7,6442342.91,-32.149801,-64.768188,si
218,Santa Fe,7,4333718.76,6442047.39,-32.152534,-64.763259,si
219,Santa Rosa,7,4333780.62,6444097.21,-32.134067,-64.762248,si
220,Sargento Cabral,7,4333373.9,6441607.44,-32.156449,-64.766989,si
221,Sarmiento,8,4334048.45,6443156.64,-32.142584,-64.759573,si
222,Simon Bolivar,5,4334756.89,6444202.02,-32.133266,-64.751888,no
223,Siracussa,1,4334108.4,6442290.69,-32.150398,-64.759088,si
224,Sta Rosa de Lima,1,4333390.18,6441114.7,-32.160892,-64.766902,si
225,Suipacha,5,4333978.15,6441861.56,-32.154247,-64.760543,si
226,Talleres,3,4333165.91,6442441.46,-32.1489,-64.769048,si
227,Tanti,2,4333016.24,6444208.83,-32.132948,-64.770325,si
228,Thomas Edison,3,4332093.37,6440289.72,-32.168136,-64.780788,no
229,Tomillo,9,4332666.12,6442279.09,-32.15029,-64.774371,si
230,Tucuman,6,4333668.26,6442417.71,-32.149189,-64.76373,si
231,Turin,2,4334403.44,6441144.92,-32.16077,-64.75616,si
232,Ugarteche,3,4333095.83,6442571.78,-32.147715,-64.769767,si
233,Unasur,8,4334584.84,6441763.43,-32.155221,-64.754131,si
234,Union Latinoamerica,2,4334552.66,6441146.93,-32.160773,-64.754579,si
235,Valentin Gomez,2,4332769.69,6443322.89,-32.140897,-64.773092,si
236,Venecia,5,4334318.78,6441745.25,-32.155346,-64.756954,si
237,Venezia,6,4334289.27,6441882.23,-32.154107,-64.757243,si
238,Victor Jara,1,4334733.79,6441872.02,-32.154264,-64.752534,no
239,Victoria,5,4332747.19,6441343.52,-32.158735,-64.773676,si
240,Villa Carlos Paz,3,4334410.62,6443628.49,-32.138384,-64.755655,si
241,Villa Dolores,1,4332926.61,6444143.38,-32.133524,-64.771286,si
242,Villa Maria,6,4334210.87,6443224.65,-32.141995,-64.757841,si
243,Virgen de Famatina,1,4333053.68,6441086.46,-32.161097,-64.770473,si
244,Virgen de Guadalupe,2,4332711.58,6441183.13,-32.160175,-64.774081,si
245,Virgen de Lujan,1,4333035.25,6441163.59,-32.160399,-64.770655,si
246,Virgen de Santa Rita,1,4333934.01,6441265.14,-32.159617,-64.761114,si
247,Virgen del Carmen,1,4333728.82,6441053.51,-32.161494,-64.763325,si
248,Vladimiro Tentori,3,4334352.61,6442866.85,-32.145241,-64.756401,si
249,Washington,3,4333468.42,6444650.36,-32.129035,-64.765459,si
250,Yapeyu,3,4333537.3,6443640.95,-32.138143,-64.764905,si
251,Zarzamora,2,4332357.88,6441480.36,-32.157443,-64.777777,si
