handle,id_calle,nombre_crudo,x_gk,y_gk
109A64,001,14 Provincias,4333414.78,6442752.93
109A6B,001,14 Provincias,4333537.49,6442823.23
109A6C,001,14 Provincias,4333691.93,6442908.17
109A71,001,14 Provincias,4333802.2,6442970.83
109D62,001,14 Provincias,4333388.68,6442669.3
109D63,001,14 Provincias,4333361.24,6442499.32
109D64,001,14 Provincias,4333331.17,6442313.49
109D65,001,14 Provincias,4333246.69,6442226.69
109D66,001,14 Provincias,4333166.3,6442158.23
109D67,001,14 Provincias,4333091.32,6442199.08
1091AC,002,2 de Abril,4333889.9,6442598.69
1091B4,002,2 de Abril,4334081.33,6442601.7
1091B5,002,2 de Abril,4334228.12,6442605.28
1091B6,002,2 de Abril,4334372.96,6442608.31
1091B7,002,2 de Abril,4334560.61,6442611.5
1091B8,002,2 de Abril,4334742.09,6442614.06
250E5,003,25 de Mayo,4333079.97,6441588.4
10AA67,003,25 de Mayo,4332969.17,6441619.8
10AA68,003,25 de Mayo,4332841.97,6441657.15
10ABC1,003,25 de Mayo,4333246.73,6441493.8
10ABC2,003,25 de Mayo,4333373.62,6441348.78
10ABCB,003,25 de Mayo,4332685.91,6441699.71
366E2,004,9 de Julio,4333596.16,6442585.03
109A66,004,9 de Julio,4333639.5,6442661.14
109A69,004,9 de Julio,4333766.38,6442732.96
10A333,004,9 de Julio,4333566.5,6442485.34
10A337,004,9 de Julio,4333532.7,6442366.05
10A33B,004,9 de Julio,4333469.49,6442150.1
10A33C,004,9 de Julio,4333442.33,6442056.5
10A4C1,004,9 de Julio,4333392.84,6441902.79
10A4C2,004,9 de Julio,4333349.1,6441754.48
10BCD5,005,Aguila Mora,4333843.34,6440893.23
10BCDF,005,Aguila Mora,4333846.21,6440683.45
10BCE4,005,Aguila Mora,4333849.99,6440444.79
10BCE7,005,Aguila Mora,4333852.18,6440230.05
108C03,006,Almafuerte,4334669.03,6443522.51
108C05,006,Almafuerte,4334505.38,6443518.09
108C07,006,Almafuerte,4334351.92,6443515.73
108C09,006,Almafuerte,4334202.43,6443512.01
108C0B,006,Almafuerte,4334058.09,6443509.27
108C0D,006,Almafuerte,4333887.8,6443507.52
109783,007,Almirante Brown,4332776.73,6443157.09
109789,007,Almirante Brown,4332922.5,6443239.91
10978A,007,Almirante Brown,4333056.26,6443312.89
10ABC8,008,Alsina,4332916.42,6441540.58
10ABD1,008,Alsina,4332899.94,6441437.9
10ABD4,008,Alsina,4332882.38,6441310.39
10B023,008,Alsina,4332850.65,6441214.42
108366,009,Anisacate,4333110.14,6445246.41
24558,010,Arrecifes,4333670.62,6441482.43
1084CF,011,Arroyito,4333155.5,6444154.17
1084D3,011,Arroyito,4333146.69,6444493.96
1084D5,011,Arroyito,4333140.62,6444757.54
108079,012,Arturo Humberto Illia,4334247.08,6444177.92
1081D7,012,Arturo Humberto Illia,4334236.1,6444639.19
1081DC,012,Arturo Humberto Illia,4334227.59,6445054.04
108A8A,012,Arturo Humberto Illia,4334250.21,6443961.69
108A98,012,Arturo Humberto Illia,4334254.54,6443712.28
108D76,012,Arturo Humberto Illia,4334256.59,6443549.56
108D79,012,Arturo Humberto Illia,4334261.31,6443385.74
1091C9,012,Arturo Humberto Illia,4334261.31,6443250.67
109330,012,Arturo Humberto Illia,4334268.58,6442975.9
10949C,012,Arturo Humberto Illia,4334270.76,6442812.62
1094A6,012,Arturo Humberto Illia,4334275.49,6442620.6
1094B1,012,Arturo Humberto Illia,4334279.28,6442391.47
118FCD,012,Arturo Humberto Illia,4334230.96,6444815.1
120F95,012,Arturo Humberto Illia,4334240.73,6444425.6
108073,013,Atahualpa Yupanqui,4334414.55,6445057.38
108074,013,Atahualpa Yupanqui,4334423.69,6444646.68
108075,013,Atahualpa Yupanqui,4334435.85,6444181.96
108A8D,013,Atahualpa Yupanqui,4334467.99,6443962.4
108A9B,013,Atahualpa Yupanqui,4334472.94,6443708.25
108D70,013,Atahualpa Yupanqui,4334475.28,6443548.87
108D73,013,Atahualpa Yupanqui,4334479.22,6443383.38
1091C8,013,Atahualpa Yupanqui,4334479.22,6443248.3
109331,013,Atahualpa Yupanqui,4334485.92,6442986.9
10949D,013,Atahualpa Yupanqui,4334488.11,6442823.62
1094A7,013,Atahualpa Yupanqui,4334492.84,6442631.61
1094AC,013,Atahualpa Yupanqui,4334497.83,6442396.77
10C74D,013,Atahualpa Yupanqui,4334500.65,6442249.84
10C9FD,013,Atahualpa Yupanqui,4334502.07,6442126.5
10CA00,013,Atahualpa Yupanqui,4334505.6,6441974.36
10CA03,013,Atahualpa Yupanqui,4334508.23,6441826.38
10CA06,013,Atahualpa Yupanqui,4334513.81,6441540.73
10CA09,013,Atahualpa Yupanqui,4334509.98,6441689.13
10CA0C,013,Atahualpa Yupanqui,4334516.85,6441402.78
10CA0F,013,Atahualpa Yupanqui,4334519.37,6441270.45
10CA12,013,Atahualpa Yupanqui,4334521.43,6441098.24
11ACDC,013,Atahualpa Yupanqui,4334429.33,6444439.64
2446C,014,Av Jose Marrero,4333071.84,6441940.28
10A4A8,014,Av Jose Marrero,4333190.56,6441907.44
10A4A9,014,Av Jose Marrero,4333302.24,6441873.56
10A4AA,014,Av Jose Marrero,4333414.14,6441841.38
10A4AB,014,Av Jose Marrero,4333521.54,6441809.36
10A4AC,014,Av Jose Marrero,4333623.34,6441779.51
10A4AD,014,Av Jose Marrero,4333838.19,6441717.6
10A4AE,014,Av Jose Marrero,4333992.01,6441672.58
10A8EA,014,Av Jose Marrero,4333736.07,6441746.96
10A046,015,"Av, Virgen de los 3 Cerritos",4332431.11,6442061.78
10A047,015,"Av, Virgen de los 3 Cerritos",4332365.87,6441879.2
10A048,015,"Av, Virgen de los 3 Cerritos",4332452.85,6441661.29
10A04A,015,"Av, Virgen de los 3 Cerritos",4332505.01,6441402.94
10AA5A,016,Av. Central,4333561.6,6441590.45
10AA5B,016,Av. Central,4333466.89,6441541.34
10AA5C,016,Av. Central,4333376.58,6441440.06
10AA5D,016,Av. Central,4333262.36,6441388.07
10AA5E,016,Av. Central,4333140.9,6441368.41
10AA5F,016,Av. Central,4333044.43,6441379.13
10AA60,016,Av. Central,4332939.29,6441394.22
10AA61,016,Av. Central,4332828.2,6441412.44
10AA62,016,Av. Central,4332646.05,6441441.82
10ABCD,017,Av. Costanera,4332607.63,6441613.36
10ABCE,017,Av. Costanera,4332605.79,6441517.2
10ABCF,017,Av. Costanera,4332641.79,6441390.49
10B188,017,Av. Costanera,4332614.5,6441109.13
10B189,017,Av. Costanera,4332575.3,6441165.97
10B190,017,Av. Costanera,4332614.5,6441007.64
245B8,018,Av. del Parque,4333785.51,6441476.88
10AA4A,018,Av. del Parque,4333505.82,6441284.69
10AA4B,018,Av. del Parque,4333644.73,6441346.04
10AA4C,018,Av. del Parque,4333375.84,6441256.99
10AA4D,018,Av. del Parque,4333219.82,6441235.91
10AA4E,018,Av. del Parque,4333059.26,6441240.33
10AA4F,018,Av. del Parque,4332908.0,6441267.26
10AA50,018,Av. del Parque,4332772.06,6441288.23
10AA51,018,Av. del Parque,4332675.0,6441303.38
10B47F,019,Av. Jesus de los Linderos,4331584.11,6440900.42
10B480,019,Av. Jesus de los Linderos,4331716.41,6440732.64
10B481,019,Av. Jesus de los Linderos,4331913.34,6440596.95
10B482,019,Av. Jesus de los Linderos,4332020.05,6440628.25
10B483,019,Av. Jesus de los Linderos,4332083.11,6440814.91
10B484,019,Av. Jesus de los Linderos,4332278.53,6440861.45
24474,020,Av. Lanza Donatti,4333030.28,6441821.56
10A4AF,020,Av. Lanza Donatti,4333154.06,6441787.07
10A4B0,020,Av. Lanza Donatti,4333271.08,6441744.26
10A4B1,020,Av. Lanza Donatti,4333367.77,6441708.83
10A4B2,020,Av. Lanza Donatti,4333475.82,6441670.18
10A4B3,020,Av. Lanza Donatti,4333787.91,6441574.58
10A4B4,020,Av. Lanza Donatti,4333670.79,6441605.66
10A620,020,Av. Lanza Donatti,4332796.56,6441892.11
10A787,020,Av. Lanza Donatti,4333960.28,6441530.12
1B795,021,Av. Los Sauces,4334060.95,6441826.75
10A329,021,Av. Los Sauces,4333909.78,6441869.83
10A32A,021,Av. Los Sauces,4333759.19,6441909.47
10A32B,021,Av. Los Sauces,4333561.4,6441966.55
10A32C,021,Av. Los Sauces,4333445.76,6441995.26
10A32D,021,Av. Los Sauces,4333219.89,6442042.5
10A32E,021,Av. Los Sauces,4333065.05,6442076.32
10A626,021,Av. Los Sauces,4332967.61,6442053.73
10A627,021,Av. Los Sauces,4332812.8,6442060.43
10B016,022,Av. Virgen,4332885.84,6441153.04
10B018,022,Av. Virgen,4332803.45,6441183.66
10AEB1,023,Av. Virgen de la Merced,4333753.12,6441153.74
10B010,023,Av. Virgen de la Merced,4333647.95,6441124.72
10B011,023,Av. Virgen de la Merced,4333511.53,6441066.82
10B012,023,Av. Virgen de la Merced,4333398.63,6441105.61
10B013,023,Av. Virgen de la Merced,4333301.08,6441107.89
10B014,023,Av. Virgen de la Merced,4333187.93,6441145.4
10B015,023,Av. Virgen de la Merced,4333054.92,6441103.18
10807D,024,Avenida Ascasubi,4333863.72,6444165.22
1081DB,024,Avenida Ascasubi,4333852.74,6444626.49
1081E0,024,Avenida Ascasubi,4333844.19,6445041.74
108923,024,Avenida Ascasubi,4333866.32,6443942.88
108924,024,Avenida Ascasubi,4333863.19,6443657.14
108925,024,Avenida Ascasubi,4333860.98,6443429.72
108926,024,Avenida Ascasubi,4333858.67,6443215.22
108927,024,Avenida Ascasubi,4333856.39,6442953.81
108928,024,Avenida Ascasubi,4333849.81,6442601.5
1091CB,025,Avenida Yacanto,4334851.1,6443249.93
1091CC,025,Avenida Yacanto,4334851.1,6443390.25
1091CD,025,Avenida Yacanto,4334843.0,6443648.63
1091CE,025,Avenida Yacanto,4334839.38,6443899.15
1091CF,025,Avenida Yacanto,4334825.09,6444231.7
1091D0,025,Avenida Yacanto,4334818.06,6444661.16
1091D1,025,Avenida Yacanto,4334811.2,6445045.68
109334,025,Avenida Yacanto,4334855.98,6443007.99
1094A9,025,Avenida Yacanto,4334855.98,6442830.88
1094AA,025,Avenida Yacanto,4334860.56,6442626.3
1094AB,025,Avenida Yacanto,4334863.16,6442388.92
10C1FE,025,Avenida Yacanto,4334863.16,6442207.16
10C1FF,025,Avenida Yacanto,4334866.29,6441936.38
10C200,025,Avenida Yacanto,4334868.37,6441647.67
10C201,025,Avenida Yacanto,4334869.35,6441441.46
10C202,025,Avenida Yacanto,4334872.97,6441214.2
10C203,025,Avenida Yacanto,4334868.44,6440957.86
10C204,025,Avenida Yacanto,4334872.15,6440678.94
10C205,025,Avenida Yacanto,4334877.05,6440455.72
10C206,025,Avenida Yacanto,4334879.0,6440223.26
10C207,025,Avenida Yacanto,4334884.3,6439982.95
108369,026,Balnearia,4333471.98,6445253.42
10836D,026,Balnearia,4333481.47,6444848.43
108371,026,Balnearia,4333489.51,6444497.51
1084CD,026,Balnearia,4333497.88,6444172.85
10807B,027,Bartolome Mitre,4333965.59,6444175.04
1081D9,027,Bartolome Mitre,4333954.61,6444636.31
1081DF,027,Bartolome Mitre,4333898.58,6444881.88
1081E1,027,Bartolome Mitre,4334051.81,6445102.68
108929,027,Bartolome Mitre,4333961.23,6443959.85
108A94,027,Bartolome Mitre,4333965.56,6443710.44
108D7A,027,Bartolome Mitre,4333968.3,6443551.01
1091C4,027,Bartolome Mitre,4333974.8,6443250.52
1091D4,027,Bartolome Mitre,4333979.79,6442978.82
109498,027,Bartolome Mitre,4333983.38,6442805.22
1094A1,027,Bartolome Mitre,4333986.76,6442615.29
10A4C5,028,Belgrano,4333020.64,6441972.97
10A623,028,Belgrano,4333015.59,6441869.87
10ABC4,028,Belgrano,4333137.2,6441272.88
10ABC5,028,Belgrano,4333132.28,6441405.08
10ABC6,028,Belgrano,4333148.47,6441503.29
10AD3B,028,Belgrano,4333073.24,6441776.65
10AD3C,028,Belgrano,4333157.63,6441649.18
10B01E,028,Belgrano,4333177.57,6441155.97
10B01F,028,Belgrano,4333205.1,6441061.27
108EE9,029,Bell Ville,4334517.05,6443302.64
109043,029,Bell Ville,4334685.57,6443305.88
1DB0C,030,Bella Vista,4332664.66,6443820.77
108648,030,Bella Vista,4332783.36,6443825.55
108649,030,Bella Vista,4333059.03,6443831.58
10864A,030,Bella Vista,4333319.56,6443837.8
10864B,030,Bella Vista,4333593.39,6443843.32
10864C,030,Bella Vista,4333794.29,6443848.11
10B601,031,Benjamin Franklin,4332604.13,6440196.53
10ABC3,032,Bosque Alto,4333250.47,6441286.78
10B01C,032,Bosque Alto,4333287.37,6441106.49
10B01D,032,Bosque Alto,4333274.12,6441191.03
109A7E,033,Brasil,4333769.28,6443372.1
109A7F,033,Brasil,4333826.15,6443270.31
109BED,034,Buchardo,4333279.47,6442591.19
109BEF,034,Buchardo,4333137.05,6442510.14
109BF1,034,Buchardo,4332995.15,6442430.84
109EC7,034,Buchardo,4332977.0,6442323.91
109EC8,034,Buchardo,4332915.05,6442221.05
109EC9,034,Buchardo,4332823.58,6442088.14
1B791,035,Buenos Aires,4333334.86,6442083.83
10A32F,035,Buenos Aires,4333479.35,6442023.21
10A330,035,Buenos Aires,4333589.78,6441978.79
10C4AD,036,C. Velez,4333959.02,6441366.91
25D41,037,Calchaqui,4333134.67,6443431.71
1087AB,037,Calchaqui,4333134.67,6443637.0
1087AE,037,Calchaqui,4333136.87,6443840.01
108358,038,Capilla del Monte,4332971.61,6444458.01
108359,038,Capilla del Monte,4333180.12,6444463.37
109784,039,Carcaraña,4332826.37,6443100.6
10978B,039,Carcaraña,4332929.85,6443156.37
10978C,039,Carcaraña,4333066.24,6443234.25
10978D,039,Carcaraña,4333225.68,6443350.43
10B613,040,Carlos Arcusin,4331956.71,6440429.63
10A61F,041,Carlos Ballestrini,4332766.9,6441934.83
10A621,041,Carlos Ballestrini,4332761.25,6441768.48
10AEA4,042,Carmen Marcos Gigena,4333962.59,6441407.57
10A042,043,Carquejilla,4332368.99,6442265.1
10A043,043,Carquejilla,4332352.08,6442141.62
10A044,043,Carquejilla,4332341.79,6441990.99
10A045,043,Carquejilla,4332348.63,6441872.65
10CA16,044,Catania,4334119.68,6442218.41
10CA17,044,Catania,4334303.9,6442222.96
10CA18,044,Catania,4334445.29,6442225.57
10BF6F,045,Cementerio,4333827.83,6440839.14
10A04F,046,Charcal,4332430.93,6441344.42
10A050,046,Charcal,4332329.93,6441366.71
10A051,046,Charcal,4332251.9,6441383.63
1A675,047,Charcas,4333978.96,6442272.92
10A345,047,Charcas,4333939.07,6442135.23
10A347,047,Charcas,4333904.29,6442016.22
10A349,047,Charcas,4333876.65,6441915.92
10A4BA,047,Charcas,4333829.12,6441779.55
10A4BC,047,Charcas,4333787.78,6441630.33
10C757,048,Che Guevara,4334725.17,6442014.23
122A57,049,Chilecito,4332658.78,6443347.76
109A54,050,Colombia,4333359.93,6443385.01
109A55,050,Colombia,4333403.71,6443310.51
109A56,050,Colombia,4333472.53,6443186.63
109A57,050,Colombia,4333546.18,6443055.4
109A58,050,Colombia,4333620.03,6442927.16
109A59,050,Colombia,4333706.3,6442774.34
109A5A,050,Colombia,4333761.81,6442675.89
1DD39,051,Colonias Unidas,4332642.9,6443610.16
1087B5,051,Colonias Unidas,4332520.84,6443612.7
1087B6,051,Colonias Unidas,4332773.13,6443610.16
1087B8,051,Colonias Unidas,4333036.28,6443607.72
1087BA,051,Colonias Unidas,4333314.29,6443604.37
1087BC,051,Colonias Unidas,4333580.9,6443601.67
1087BE,051,Colonias Unidas,4333786.37,6443600.24
109045,052,Concejal Alfredo Busto,4334162.73,6443007.58
109046,052,Concejal Alfredo Busto,4334514.63,6443014.75
109047,052,Concejal Alfredo Busto,4334694.16,6443019.28
10A4C4,053,Concejal Palacios,4333171.09,6441959.39
10A625,053,Concejal Palacios,4333134.26,6441831.97
10AEA6,054,Concejal Peñaloza,4333953.91,6441333.79
1681C,055,Cordoba,4332987.57,6443336.98
24B18,055,Cordoba,4333416.03,6442610.66
109620,055,Cordoba,4333026.19,6443267.95
109621,055,Cordoba,4333108.03,6443125.72
109622,055,Cordoba,4333170.58,6443014.69
109623,055,Cordoba,4333239.78,6442894.31
109624,055,Cordoba,4333279.93,6442824.51
109D60,055,Cordoba,4333311.68,6442766.05
109D61,055,Cordoba,4333358.88,6442680.27
10A30F,055,Cordoba,4333517.26,6442581.53
10A311,055,Cordoba,4333634.86,6442546.36
10A313,055,Cordoba,4333753.56,6442510.43
10A315,055,Cordoba,4333853.44,6442481.5
10A317,055,Cordoba,4333938.94,6442456.73
1A657,056,Corrientes,4333367.52,6442385.65
10A318,056,Corrientes,4333459.03,6442362.53
10A319,056,Corrientes,4333567.95,6442330.02
10A31C,056,Corrientes,4333677.45,6442298.3
10A31F,056,Corrientes,4333786.96,6442267.95
10A322,056,Corrientes,4333896.43,6442234.84
10A325,056,Corrientes,4334005.94,6442203.1
108C00,057,Cosquin,4333892.76,6443650.33
108C01,057,Cosquin,4334064.0,6443653.88
108C02,057,Cosquin,4334207.41,6443656.05
10B60C,058,Cr. San Agustin,4331673.36,6440898.12
10B614,059,Cristiane Quirino,4332038.56,6440258.27
108A9C,060,Cruz del Eje,4333892.37,6443862.07
108BF5,060,Cruz del Eje,4334054.91,6443865.67
108BF6,060,Cruz del Eje,4334195.35,6443868.34
108BF7,060,Cruz del Eje,4334410.7,6443871.99
108BF8,060,Cruz del Eje,4334616.05,6443877.01
123CF6,060,Cruz del Eje,4334498.79,6443877.01
1081E3,061,Cura Brochero,4334057.65,6444980.14
1081E8,061,Cura Brochero,4334543.1,6444992.14
108361,061,Cura Brochero,4333496.87,6444980.14
108362,061,Cura Brochero,4333194.04,6445007.1
108363,061,Cura Brochero,4333103.36,6445023.5
108A86,061,Cura Brochero,4334258.54,6444986.44
10B017,062,de la Merced,4332932.66,6441164.94
10B019,062,de la Merced,4332848.99,6441184.26
108BF9,063,Dean Funes,4334603.34,6443988.94
108BFA,063,Dean Funes,4334504.32,6443986.95
1DB14,064,Derqui,4332655.93,6443713.13
108643,064,Derqui,4332794.69,6443713.13
108644,064,Derqui,4333057.83,6443713.13
108645,064,Derqui,4333330.49,6443708.27
108646,064,Derqui,4333591.56,6443707.22
108647,064,Derqui,4333796.54,6443704.15
10BAB9,065,Don Brigido Torres,4333436.25,6440760.81
10BAC6,065,Don Brigido Torres,4333656.77,6440763.27
10BCAD,065,Don Brigido Torres,4333887.29,6440767.29
10BCB1,065,Don Brigido Torres,4334106.92,6440769.15
10BCB5,065,Don Brigido Torres,4334327.03,6440771.71
10BCB9,065,Don Brigido Torres,4334596.19,6440775.53
10BCBD,065,Don Brigido Torres,4334772.23,6440779.27
10C762,066,Eduardo Galeano,4334722.68,6441223.11
10CA33,066,Eduardo Galeano,4334555.62,6441219.12
10BACE,067,El Cardenal,4332793.67,6440320.17
10B91D,068,El Carpintero,4333109.22,6440651.42
10B91E,068,El Carpintero,4333065.15,6440531.22
10B922,068,El Carpintero,4333284.69,6440780.3
10B923,068,El Carpintero,4333163.56,6440765.99
10BACB,068,El Carpintero,4333041.3,6440433.33
10BACC,068,El Carpintero,4332933.39,6440428.69
10BACD,068,El Carpintero,4332774.23,6440411.34
10BAB8,069,El Cauquen,4333395.89,6440893.23
10BCDB,069,El Cauquen,4333398.76,6440683.45
10BACF,070,El Ceibo,4332872.32,6440233.9
10BAD4,071,El Chañar,4333890.05,6440318.45
10BCBF,071,El Chañar,4334117.28,6440321.65
10BCC3,071,El Chañar,4334340.27,6440325.13
10BCC7,071,El Chañar,4334571.44,6440327.28
10BCD1,071,El Chañar,4334780.79,6440331.32
10BAD1,072,El Colibri,4333050.25,6440388.23
10BAD2,072,El Colibri,4333076.34,6440280.27
10BAC9,073,El Espinillo,4333661.36,6440204.54
10BCAA,073,El Espinillo,4333885.6,6440205.98
10BCC2,073,El Espinillo,4334112.83,6440209.19
10BCC6,073,El Espinillo,4334335.82,6440212.67
10BCCA,073,El Espinillo,4334566.99,6440214.81
10BCCE,073,El Espinillo,4334804.82,6440218.85
10C1F2,074,El Hornero,4334523.81,6440250.46
10C1F4,074,El Hornero,4334520.64,6440467.63
10C1F6,074,El Hornero,4334518.56,6440607.02
10C1F7,074,El Hornero,4334527.88,6440781.08
10C1F8,074,El Hornero,4334526.17,6440923.68
10C20D,074,El Hornero,4334525.73,6440074.16
10B914,075,El Jilguero,4333134.66,6440980.39
10BCD9,076,El Mirlo,4334404.41,6440807.58
10BF74,076,El Mirlo,4334406.97,6440698.37
10BF76,076,El Mirlo,4334409.21,6440470.48
10BF78,076,El Mirlo,4334411.3,6440250.46
10C20C,076,El Mirlo,4334413.22,6440074.16
119F9C,076,El Mirlo,4334409.21,6440361.66
10C208,077,El Molle,4334340.34,6440052.79
10C209,077,El Molle,4334563.91,6440058.39
10C20A,077,El Molle,4334720.4,6440061.08
10C1FC,078,El Tala,4334828.53,6440986.72
10BCD7,079,El Tordo,4334068.28,6440893.23
10BCE9,079,El Tordo,4334071.3,6440680.22
10BCED,079,El Tordo,4334073.74,6440449.67
10BCF1,079,El Tordo,4334077.15,6440234.43
11B241,079,El Tordo,4334073.74,6440347.25
10C1FD,080,El Tucan,4334802.03,6440988.31
10BCDA,081,El Zorzal,4334291.72,6440913.05
10BF73,081,El Zorzal,4334295.25,6440691.13
10BF75,081,El Zorzal,4334297.49,6440463.24
10BF77,081,El Zorzal,4334299.58,6440243.22
10C20B,081,El Zorzal,4334301.5,6440066.91
119F9B,081,El Zorzal,4334297.49,6440354.41
1A659,082,Entre Rios,4333529.4,6442220.05
10A31A,082,Entre Rios,4333638.9,6442188.34
10A31D,082,Entre Rios,4333748.41,6442157.99
10A320,082,Entre Rios,4333857.88,6442124.88
10A323,082,Entre Rios,4333967.39,6442093.14
10A326,082,Entre Rios,4334057.45,6442066.13
25D2C,083,Esteban Echeberria,4332791.82,6443331.41
10961E,083,Esteban Echeberria,4332863.85,6443201.85
10961F,083,Esteban Echeberria,4332940.76,6443067.55
109D5B,083,Esteban Echeberria,4333012.78,6442940.71
109D5C,083,Esteban Echeberria,4333085.03,6442811.39
109D5D,083,Esteban Echeberria,4333156.85,6442686.25
109D5E,083,Esteban Echeberria,4333233.74,6442550.26
109D5F,083,Esteban Echeberria,4333263.11,6442438.21
10C758,084,Eva Peron,4334729.37,6441943.32
10CA2E,084,Eva Peron,4334538.67,6441939.17
109337,085,Ex Combatientes,4334718.59,6442708.61
25D46,086,Falucho,4333269.9,6443436.21
1087AC,086,Falucho,4333269.9,6443641.51
1087AF,086,Falucho,4333272.09,6443844.51
109A5B,087,Famatina,4333588.1,6443334.9
109A5C,087,Famatina,4333626.26,6443269.09
109A5D,087,Famatina,4333699.87,6443138.57
109A5E,087,Famatina,4333772.73,6443009.07
109A5F,087,Famatina,4333832.01,6442905.8
10C753,088,Felix Luna,4334679.32,6442158.43
10C754,088,Felix Luna,4334804.84,6442160.53
10CA1B,089,Ferrara,4334454.5,6441937.28
10CCDB,090,Florencia,4334224.68,6441432.02
10CCE0,090,Florencia,4334222.14,6441669.0
10CCE4,090,Florencia,4334216.11,6441869.23
10CCE8,090,Florencia,4334214.03,6442005.54
10CCEC,090,Florencia,4334211.93,6442135.39
10CCF0,090,Florencia,4334209.76,6442259.07
109A61,091,Fray Oro,4333183.02,6442877.34
109A75,091,Fray Oro,4333293.63,6442939.47
109A76,091,Fray Oro,4333441.43,6443022.13
109A77,091,Fray Oro,4333591.28,6443108.21
109A78,091,Fray Oro,4333756.56,6443202.06
109BE3,091,Fray Oro,4333087.19,6442823.16
109BE4,091,Fray Oro,4332970.82,6442758.06
109BE5,091,Fray Oro,4332886.36,6442664.25
109ED8,091,Fray Oro,4332789.2,6442571.98
109ED9,091,Fray Oro,4332692.58,6442526.31
109EDA,091,Fray Oro,4332618.31,6442490.79
109EDB,091,Fray Oro,4332499.65,6442493.79
168FA,092,French y Berutti,4333172.13,6443366.81
109625,092,French y Berutti,4333246.34,6443235.84
109626,092,French y Berutti,4333320.87,6443103.52
109627,092,French y Berutti,4333379.14,6443000.56
109628,092,French y Berutti,4333462.23,6442853.54
109629,092,French y Berutti,4333515.21,6442760.15
10C761,093,Gabriel Garcia Marquez,4334721.8,6441294.8
10B60D,094,Galileo Galilei,4332018.81,6440434.48
10B60F,094,Galileo Galilei,4332023.93,6440284.42
10B610,094,Galileo Galilei,4332028.44,6440132.92
16806,095,General Guido,4332745.46,6443222.86
109787,095,General Guido,4332885.87,6443303.94
109788,095,General Guido,4332991.86,6443363.24
25D3C,096,General Pinedo,4332998.79,6443427.64
1087A8,096,General Pinedo,4332998.79,6443630.64
1087AA,096,General Pinedo,4333001.89,6443829.77
10CCD7,097,Genova,4334445.09,6441233.47
10CCD8,097,Genova,4334439.97,6441428.63
10CCDD,097,Genova,4334437.42,6441606.44
10CCE1,097,Genova,4334434.47,6441758.1
10CCE5,097,Genova,4334429.32,6442002.16
10CCE9,097,Genova,4334427.22,6442132.0
10CCED,097,Genova,4334425.05,6442255.68
25DA5,098,Goya,4333671.29,6443435.91
1087B2,098,Goya,4333671.29,6443637.74
1087B4,098,Goya,4333674.85,6443853.56
1084D0,099,Gral Deheza,4333041.78,6444148.25
1084D4,099,Gral Deheza,4333035.43,6444392.45
108078,100,Gral Jose de San Martin,4334340.89,6444179.55
1081D6,100,Gral Jose de San Martin,4334329.91,6444640.82
108A8B,100,Gral Jose de San Martin,4334393.17,6443961.77
108A9A,100,Gral Jose de San Martin,4334398.12,6443707.62
108D6F,100,Gral Jose de San Martin,4334400.46,6443548.24
108D72,100,Gral Jose de San Martin,4334404.4,6443382.75
1091C7,100,Gral Jose de San Martin,4334404.4,6443247.67
10932F,100,Gral Jose de San Martin,4334411.67,6442972.9
10949B,100,Gral Jose de San Martin,4334413.85,6442809.62
1094A5,100,Gral Jose de San Martin,4334418.58,6442617.61
1094B0,100,Gral Jose de San Martin,4334422.36,6442388.48
10B913,101,Halcon Peregrino,4332960.26,6440913.92
10B91C,101,Halcon Peregrino,4333081.35,6440822.27
1091C0,102,Hermila Galindo,4334535.94,6442366.37
1091C1,102,Hermila Galindo,4334725.96,6442370.24
1081E5,103,Hernando,4334078.26,6444581.13
1081EA,103,Hernando,4334563.71,6444593.13
108354,103,Hernando,4333527.59,6444568.97
108355,103,Hernando,4333185.81,6444571.15
108356,103,Hernando,4333050.31,6444566.51
108357,103,Hernando,4332900.94,6444558.32
108A84,103,Hernando,4334273.76,6444585.36
116D67,103,Hernando,4334181.66,6444581.13
10961A,104,Hierba Buena,4332648.5,6443150.21
10961B,104,Hierba Buena,4332523.17,6443098.03
10807C,105,Hipolito Yrigoyen,4334153.49,6444179.19
1081DA,105,Hipolito Yrigoyen,4334142.51,6444640.46
1081DD,105,Hipolito Yrigoyen,4334133.52,6445044.21
108A89,105,Hipolito Yrigoyen,4334177.78,6443962.18
108A97,105,Hipolito Yrigoyen,4334182.1,6443712.77
108D75,105,Hipolito Yrigoyen,4334184.16,6443550.05
108D78,105,Hipolito Yrigoyen,4334188.88,6443386.23
1091C3,105,Hipolito Yrigoyen,4334190.66,6443249.56
1091D3,105,Hipolito Yrigoyen,4334196.25,6443017.96
10949F,105,Hipolito Yrigoyen,4334200.46,6442788.6
1094A3,105,Hipolito Yrigoyen,4334203.7,6442618.31
1094AE,105,Hipolito Yrigoyen,4334207.49,6442389.18
118FCE,105,Hipolito Yrigoyen,4334136.89,6444805.28
120F96,105,Hipolito Yrigoyen,4334147.13,6444426.87
10C75D,106,Hugo Chavez,4334727.73,6441582.53
1A64B,107,Int. Aldo D. Musumeci,4334092.42,6441986.06
10A34A,107,Int. Aldo D. Musumeci,4334051.35,6441843.76
10A4B6,107,Int. Aldo D. Musumeci,4334002.13,6441692.44
10A4B8,107,Int. Aldo D. Musumeci,4333957.95,6441545.13
108EDD,108,Intendente Aldo J. Arce,4333885.56,6442930.6
108EDE,108,Intendente Aldo J. Arce,4334064.72,6442934.17
109048,108,Intendente Aldo J. Arce,4334346.01,6442939.54
109049,108,Intendente Aldo J. Arce,4334517.63,6442942.77
10904A,108,Intendente Aldo J. Arce,4334694.51,6442945.86
10B48F,109,Isaac Newton,4332537.31,6440387.02
10B490,109,Isaac Newton,4332502.86,6440295.85
1091AD,110,Islas Malvinas,4333980.37,6442489.1
1091B9,110,Islas Malvinas,4334074.97,6442491.31
1091BA,110,Islas Malvinas,4334224.71,6442493.16
1091BB,110,Islas Malvinas,4334363.04,6442495.55
1091BC,110,Islas Malvinas,4334556.71,6442499.57
1091BD,110,Islas Malvinas,4334738.47,6442503.59
1081E4,111,Jesus Maria,4334063.62,6444781.06
1081E9,111,Jesus Maria,4334549.07,6444793.06
10835B,111,Jesus Maria,4333504.88,6444781.06
10835C,111,Jesus Maria,4333162.61,6444803.02
10835D,111,Jesus Maria,4333070.46,6444845.78
116D66,111,Jesus Maria,4334167.01,6444781.06
10B485,112,Johannes Gutenberg,4332227.9,6440871.58
10B486,112,Johannes Gutenberg,4332166.82,6440750.39
10B487,112,Johannes Gutenberg,4332098.72,6440628.21
10C75C,113,Jose G. Artigas,4334729.37,6441655.01
10CA30,113,Jose G. Artigas,4334535.76,6441651.89
10C751,114,Jose Hernandez,4334668.76,6442229.54
10C752,114,Jose Hernandez,4334791.05,6442232.71
10CA2C,114,Jose Hernandez,4334535.75,6442227.75
10B48D,115,Jose M. Fallotico,4332383.18,6440234.41
10B48E,115,Jose M. Fallotico,4332545.58,6440291.49
10ABCA,116,Josefina Haydee Avila,4332700.51,6441617.03
10ABCC,116,Josefina Haydee Avila,4332602.02,6441543.29
1E147,117,Juan B. Alberdi,4332520.92,6443405.37
108633,117,Juan B. Alberdi,4332765.34,6443403.92
108634,117,Juan B. Alberdi,4333051.63,6443401.1
108635,117,Juan B. Alberdi,4333314.04,6443397.85
108636,117,Juan B. Alberdi,4333572.88,6443395.22
108637,117,Juan B. Alberdi,4333790.5,6443393.12
10AEA3,118,Juan C. Velez,4333947.56,6441425.51
109A6A,119,Juan M. Gutierrez,4333719.77,6442812.26
109A6D,119,Juan M. Gutierrez,4333580.22,6442732.96
10807A,120,Juan Manuel de Rosas,4334058.34,6444174.17
1081D8,120,Juan Manuel de Rosas,4334047.36,6444635.44
1081DE,120,Juan Manuel de Rosas,4334039.63,6445041.12
10892A,120,Juan Manuel de Rosas,4334104.89,6443958.75
108A95,120,Juan Manuel de Rosas,4334109.21,6443709.34
108D74,120,Juan Manuel de Rosas,4334111.27,6443546.63
108D77,120,Juan Manuel de Rosas,4334115.99,6443382.81
1091C2,120,Juan Manuel de Rosas,4334117.77,6443246.13
1091D2,120,Juan Manuel de Rosas,4334123.46,6442974.44
109497,120,Juan Manuel de Rosas,4334127.05,6442800.83
1094A0,120,Juan Manuel de Rosas,4334130.44,6442610.9
1094B2,120,Juan Manuel de Rosas,4334135.3,6442384.26
10B186,121,Juan Pablo II,4332653.46,6441206.33
10B187,121,Juan Pablo II,4332783.97,6441097.26
10B602,122,Juan Vucetich,4332039.15,6440612.19
10B603,122,Juan Vucetich,4332145.54,6440624.92
10B604,122,Juan Vucetich,4332262.45,6440643.75
10B605,122,Juan Vucetich,4332342.44,6440723.25
10C75A,123,Juana Azurduy,4334729.37,6441798.89
10CA2F,123,Juana Azurduy,4334529.33,6441794.87
10BCD4,124,La Brasita,4333619.13,6440893.23
10BCDE,124,La Brasita,4333621.99,6440683.45
10BCE3,124,La Brasita,4333625.78,6440444.79
10BCE6,124,La Brasita,4333627.97,6440230.05
108368,125,La Calera,4333357.24,6445246.63
10836C,125,La Calera,4333366.73,6444841.64
108370,125,La Calera,4333374.77,6444490.72
1084CC,125,La Calera,4333383.14,6444166.06
1081E6,126,La Carlota,4334082.87,6444366.39
1081EB,126,La Carlota,4334568.32,6444378.39
108350,126,La Carlota,4333413.91,6444363.19
108351,126,La Carlota,4333182.97,6444357.94
108352,126,La Carlota,4332879.03,6444350.05
10835A,126,La Carlota,4332793.25,6444400.65
108A85,126,La Carlota,4334273.39,6444371.51
10BABF,127,La Chuña,4333198.11,6440442.74
10BAC0,127,La Chuña,4333296.05,6440389.67
10BAC1,127,La Chuña,4333418.33,6440286.44
10BAC2,127,La Chuña,4333560.95,6440172.37
108BFB,128,La Falda,4334675.02,6443756.61
108BFD,128,La Falda,4334410.26,6443751.82
123CF7,128,La Falda,4334557.76,6443756.61
10BCD3,129,La Golondrina,4333731.19,6440893.23
10BCDD,129,La Golondrina,4333734.06,6440683.45
10BCE2,129,La Golondrina,4333737.84,6440444.79
10BCE5,129,La Golondrina,4333740.03,6440230.05
10B606,130,La Mesilla,4332002.41,6440824.33
10B607,130,La Mesilla,4331850.23,6440862.25
10B608,130,La Mesilla,4331736.0,6440863.15
10C1F3,131,La Monjita,4334659.09,6440250.46
10C1F5,131,La Monjita,4334673.33,6440506.36
10C1F9,131,La Monjita,4334669.45,6440584.4
10C1FA,131,La Monjita,4334667.59,6440792.44
10C1FB,131,La Monjita,4334665.56,6440934.36
10C20E,131,La Monjita,4334661.0,6440074.16
10BCD6,132,La Perdiz,4333955.83,6440893.23
10BCE8,132,La Perdiz,4333958.85,6440680.22
10BCEC,132,La Perdiz,4333961.29,6440449.67
10BCF0,132,La Perdiz,4333964.71,6440234.43
109D6D,133,La Rioja,4333352.37,6442304.95
10BAD0,134,La Tacuarita,4332876.17,6440395.56
10BAD3,134,La Tacuarita,4332999.13,6440274.36
10B01A,135,La Tijereta,4333494.51,6441069.87
10BCD2,135,La Tijereta,4333507.94,6440893.23
10BCDC,135,La Tijereta,4333510.8,6440683.45
1084D2,136,Laboulaye,4332793.9,6444142.01
10B18B,137,Ladislao Biro,4332642.2,6441008.02
10B18C,137,Ladislao Biro,4332774.67,6441008.02
10BAC3,138,Las Acacias,4333418.16,6440308.98
10BAC4,138,Las Acacias,4333572.77,6440394.76
10BAC5,138,Las Acacias,4333664.19,6440427.57
10BCA8,138,Las Acacias,4333888.43,6440429.01
10BCC0,138,Las Acacias,4334115.65,6440432.21
10BCC4,138,Las Acacias,4334338.64,6440435.69
10BCC8,138,Las Acacias,4334569.81,6440437.84
10BCCC,138,Las Acacias,4334807.64,6440441.88
10BCD0,138,Las Acacias,4334712.94,6440441.88
109BE8,139,Las Dalias,4332948.68,6442578.09
109BF4,140,Las Flores,4332708.76,6442742.11
109BF8,140,Las Flores,4332794.23,6442649.79
109BF9,140,Las Flores,4332845.83,6442594.9
109BFA,140,Las Flores,4332876.45,6442519.48
109BFB,140,Las Flores,4333022.48,6442375.01
109BFC,140,Las Flores,4333128.55,6442284.31
109D55,140,Las Flores,4333169.33,6442210.81
109EC6,140,Las Flores,4333076.83,6442211.59
10961C,141,Las Margaritas,4332651.81,6443070.79
10B489,142,Leonardo Da Vinci,4332366.07,6440702.55
109A63,143,Lopez y Planes,4333344.46,6442798.15
109A6E,143,Lopez y Planes,4333507.35,6442891.65
109A6F,143,Lopez y Planes,4333660.98,6442978.15
109A70,143,Lopez y Planes,4333785.81,6443048.52
109BE9,143,Lopez y Planes,4333182.95,6442707.03
109BEA,143,Lopez y Planes,4333005.57,6442606.07
10B18E,144,Los Alamos,4332771.19,6440896.73
10B18F,144,Los Alamos,4332678.58,6440896.73
10B90D,144,Los Alamos,4333429.59,6441030.03
10B910,144,Los Alamos,4333262.45,6441019.31
10B911,144,Los Alamos,4333027.41,6440995.07
10B912,144,Los Alamos,4332864.02,6440911.79
10B91B,144,Los Alamos,4333655.21,6441033.29
10BCAC,144,Los Alamos,4333885.73,6441037.31
10BCB0,144,Los Alamos,4334105.35,6441039.17
10BCB4,144,Los Alamos,4334373.98,6441041.73
10BCB8,144,Los Alamos,4334594.63,6441045.55
10BCBC,144,Los Alamos,4334770.67,6441049.29
10BABB,145,Los Algarrobos,4333436.37,6440537.41
10BABC,145,Los Algarrobos,4333315.61,6440468.66
10BABD,145,Los Algarrobos,4333210.47,6440468.11
10BABE,145,Los Algarrobos,4333102.57,6440500.57
10BAC8,145,Los Algarrobos,4333656.89,6440539.87
10BCA9,145,Los Algarrobos,4333881.13,6440541.31
10BCC1,145,Los Algarrobos,4334108.36,6440544.52
10BCC5,145,Los Algarrobos,4334331.35,6440547.99
10BCC9,145,Los Algarrobos,4334535.72,6440550.14
10BCCD,145,Los Algarrobos,4334800.35,6440554.18
10BCCF,145,Los Algarrobos,4334660.56,6440552.7
10B915,146,Los Cedros,4332886.26,6440803.89
10B916,146,Los Cedros,4333090.05,6440885.11
10B917,146,Los Cedros,4333212.04,6440914.99
10B918,146,Los Cedros,4333318.23,6440876.52
10B919,146,Los Cedros,4333433.98,6440872.56
10B91A,146,Los Cedros,4333658.7,6440876.52
10BCAB,146,Los Cedros,4333889.21,6440880.54
10BCAF,146,Los Cedros,4334108.84,6440882.4
10BCB3,146,Los Cedros,4334328.96,6440884.96
10BCB7,146,Los Cedros,4334598.12,6440888.78
10BCBB,146,Los Cedros,4334774.16,6440892.52
10BACA,147,Los Fresnos,4333661.74,6440117.93
10BCA3,147,Los Fresnos,4333894.73,6440119.88
10BCA4,147,Los Fresnos,4334110.52,6440124.24
10BCA5,147,Los Fresnos,4334334.26,6440132.71
10BCA6,147,Los Fresnos,4334577.95,6440136.79
10BCA7,147,Los Fresnos,4334814.53,6440143.22
10961D,148,Los Helechos,4332752.6,6443086.85
109BF5,148,Los Helechos,4332817.39,6442930.47
109BF6,148,Los Helechos,4332899.56,6442784.1
109D56,148,Los Helechos,4333010.51,6442590.07
109D57,148,Los Helechos,4333081.14,6442463.26
109D58,148,Los Helechos,4333134.76,6442371.1
109D59,148,Los Helechos,4333188.84,6442270.14
109BF7,149,Los Lirios,4332809.73,6442702.1
10B91F,150,Los Pinos,4333248.29,6440587.06
10B920,150,Los Pinos,4333114.17,6440598.76
10B921,150,Los Pinos,4333319.94,6440704.94
10BABA,151,Los Robles,4333437.16,6440649.06
10BAC7,151,Los Robles,4333657.69,6440651.52
10BCAE,151,Los Robles,4333888.21,6440655.54
10BCB2,151,Los Robles,4334107.83,6440657.41
10BCB6,151,Los Robles,4334327.95,6440659.97
10BCBA,151,Los Robles,4334597.11,6440663.78
10BCBE,151,Los Robles,4334773.15,6440667.52
10B609,152,Luis Agote,4331908.83,6440955.92
10B60A,152,Luis Agote,4331908.83,6440766.52
10B60B,152,Luis Agote,4331908.83,6440617.7
1A672,153,Maipu,4333921.31,6442477.67
10A33D,153,Maipu,4333895.88,6442398.56
10A33E,153,Maipu,4333862.71,6442277.47
10A33F,153,Maipu,4333828.79,6442161.7
10A340,153,Maipu,4333797.9,6442055.21
10A341,153,Maipu,4333767.58,6441947.49
10A4B9,153,Maipu,4333720.05,6441811.12
10A4BB,153,Maipu,4333678.71,6441661.9
10AA57,153,Maipu,4333639.8,6441525.17
10AA58,153,Maipu,4333567.67,6441424.8
108A8C,154,Manuel Belgrano,4334322.43,6443961.77
108A99,154,Manuel Belgrano,4334326.76,6443712.36
108D6E,154,Manuel Belgrano,4334329.1,6443552.98
108D71,154,Manuel Belgrano,4334333.04,6443387.49
1091C6,154,Manuel Belgrano,4334333.04,6443252.41
10932E,154,Manuel Belgrano,4334340.31,6442977.64
10949A,154,Manuel Belgrano,4334342.49,6442814.36
1094A4,154,Manuel Belgrano,4334347.22,6442622.35
1094AF,154,Manuel Belgrano,4334351.0,6442393.22
1E13D,155,Mar del Plata,4332648.77,6443505.37
1087B7,155,Mar del Plata,4332778.99,6443505.37
1087B9,155,Mar del Plata,4333042.15,6443502.92
1087BB,155,Mar del Plata,4333320.16,6443499.58
1087BD,155,Mar del Plata,4333586.76,6443496.88
1087BF,155,Mar del Plata,4333792.24,6443495.45
10AEA5,156,Marcelino Martinez,4333966.98,6441379.01
10C75E,157,Mario Benedetti,4334729.37,6441510.49
10CA31,157,Mario Benedetti,4334533.61,6441507.27
109D68,158,Martin Garcia,4333080.46,6442123.47
109D69,158,Martin Garcia,4333163.27,6442115.95
109D6A,158,Martin Garcia,4333318.45,6442180.79
109D6B,158,Martin Garcia,4333412.83,6442248.02
36DD3,159,Mendoza,4333486.4,6442618.95
10A334,159,Mendoza,4333456.75,6442519.26
10A338,159,Mendoza,4333422.94,6442399.97
108076,160,Mercedes Sosa,4334549.64,6444181.96
108077,160,Mercedes Sosa,4334538.56,6444654.39
108A8E,160,Mercedes Sosa,4334558.14,6444001.5
108A8F,160,Mercedes Sosa,4334645.95,6443806.7
108A90,160,Mercedes Sosa,4334653.37,6443651.4
108A91,160,Mercedes Sosa,4334658.86,6443393.97
1091CA,160,Mercedes Sosa,4334661.41,6443257.92
109333,160,Mercedes Sosa,4334666.07,6442996.53
10949E,160,Mercedes Sosa,4334668.63,6442833.55
1094A8,160,Mercedes Sosa,4334672.25,6442631.33
1094AD,160,Mercedes Sosa,4334677.24,6442396.5
10C74F,160,Mercedes Sosa,4334647.94,6442252.75
10C9FF,160,Mercedes Sosa,4334649.36,6442129.41
10CA02,160,Mercedes Sosa,4334652.89,6441977.27
10CA05,160,Mercedes Sosa,4334655.52,6441829.29
10CA08,160,Mercedes Sosa,4334661.1,6441543.64
10CA0B,160,Mercedes Sosa,4334657.27,6441692.04
10CA0E,160,Mercedes Sosa,4334664.13,6441405.69
10CA11,160,Mercedes Sosa,4334666.65,6441273.36
10CA14,160,Mercedes Sosa,4334668.72,6441101.15
11ACDD,160,Mercedes Sosa,4334544.2,6444447.34
1091AE,161,Messina,4334044.97,6442358.4
1091BE,161,Messina,4334235.04,6442361.35
1091BF,161,Messina,4334378.16,6442365.05
10AEA2,162,Miceno Villagra,4333908.25,6441454.35
10AEAD,162,Miceno Villagra,4333887.15,6441284.65
10AEAE,162,Miceno Villagra,4333842.55,6441063.15
10AEAF,162,Miceno Villagra,4333855.96,6441148.82
10CA3A,163,Milan,4334341.44,6441214.9
10CA3D,163,Milan,4334462.66,6441218.27
1081E2,164,Mina Clavero,4334055.5,6445217.53
108364,164,Mina Clavero,4333505.18,6445179.3
108365,164,Mina Clavero,4333186.71,6445172.38
10836A,165,Miramar,4333587.28,6445254.05
10836E,165,Miramar,4333596.78,6444849.05
108372,165,Miramar,4333604.81,6444498.14
1084CE,165,Miramar,4333613.18,6444173.47
10CA19,166,Modena,4334308.41,6442079.55
10CA1A,166,Modena,4334455.75,6442081.8
10ABC7,167,Moreno,4333029.88,6441523.26
10ABD0,167,Moreno,4333013.4,6441420.58
10ABD3,167,Moreno,4332995.84,6441293.07
10CCD9,168,Napoles,4334369.31,6441424.74
10CCDE,168,Napoles,4334366.76,6441602.54
10CCE2,168,Napoles,4334363.81,6441792.09
10CCE6,168,Napoles,4334358.66,6441998.26
10CCEA,168,Napoles,4334356.55,6442128.1
10CCEE,168,Napoles,4334354.39,6442251.79
25D4B,169,O'higgins,4333402.56,6443431.18
1087AD,169,O'higgins,4333402.56,6443636.48
1087B0,169,O'higgins,4333404.76,6443839.48
10A61E,170,Organizacion Nacional,4332903.47,6441940.81
10A622,170,Organizacion Nacional,4332894.42,6441761.98
10C750,171,Ortega y Gasset,4334725.96,6442302.81
10C75F,172,Pablo Neruda,4334729.37,6441438.45
10C755,173,Padre Mujica,4334675.43,6442085.83
10C756,173,Padre Mujica,4334794.23,6442087.91
10CA2D,173,Padre Mujica,4334525.4,6442083.12
10CA36,174,Padua,4334459.77,6441361.71
10CA37,174,Padua,4334386.69,6441360.09
10CA38,174,Padua,4334261.19,6441357.52
10CA1C,175,Palermo,4334164.24,6442027.24
10CA1D,175,Palermo,4334244.04,6441974.39
10CA1E,175,Palermo,4334316.28,6441927.93
10CA1F,175,Palermo,4334394.95,6441877.74
10CA20,175,Palermo,4334483.71,6441819.16
10AA59,176,Pasaje 4 Estaciones,4333505.81,6441466.65
109ECD,177,Pasionaria,4332610.73,6442644.7
109ECE,177,Pasionaria,4332550.12,6442552.3
109ECF,177,Pasionaria,4332425.01,6442494.46
10BCD8,178,Pechito Colorado,4334179.16,6440893.23
10BCEA,178,Pechito Colorado,4334182.17,6440680.22
10BCEE,178,Pechito Colorado,4334184.61,6440449.67
10BCF2,178,Pechito Colorado,4334188.03,6440234.43
11B242,178,Pechito Colorado,4334184.61,6440347.25
10A040,179,Peperina,4332386.08,6442200.02
10A041,179,Peperina,4332501.75,6442149.76
109798,180,Pergamino,4333037.18,6442963.58
109799,180,Pergamino,4333214.42,6443064.57
10979A,180,Pergamino,4333366.28,6443149.49
10979B,180,Pergamino,4333517.71,6443235.94
10979C,180,Pergamino,4333651.23,6443311.8
109BDF,180,Pergamino,4332890.12,6442880.97
109BE0,180,Pergamino,4332747.9,6442799.54
10CA39,181,Perugia,4334341.2,6441287.5
10A052,182,Piquillin,4332304.37,6441399.04
10A053,182,Piquillin,4332317.9,6441494.91
10A054,182,Piquillin,4332300.27,6441558.52
10AEA9,183,Pje. Ferreira Da Silva,4334006.34,6441077.27
10AEAA,183,Pje. Ferreira Da Silva,4334023.32,6441219.18
109ECC,184,Pje. Fragata Argentina,4333004.46,6442242.77
10A789,185,Plaza,4333962.19,6441494.13
10A78A,185,Plaza,4333994.74,6441427.58
25D32,186,Potosi,4332730.26,6443433.45
10864D,186,Potosi,4332732.79,6443648.42
10864E,186,Potosi,4332735.65,6443830.67
10C760,187,Presidente Nestor Kirchner,4334732.14,6441366.33
10CA32,187,Presidente Nestor Kirchner,4334539.81,6441363.6
1091AB,188,Puerto Argentino,4333889.9,6442787.33
1091AF,188,Puerto Argentino,4334076.53,6442790.34
1091B0,188,Puerto Argentino,4334360.33,6442795.22
1091B1,188,Puerto Argentino,4334549.25,6442799.45
1091B2,188,Puerto Argentino,4334697.31,6442802.3
1091B3,188,Puerto Argentino,4334211.45,6442793.02
10B18D,189,Raul Pateras Pescara,4332722.86,6440906.85
109A62,190,Rawson,4333290.36,6442851.74
109A72,190,Rawson,4333466.43,6442952.61
109A73,190,Rawson,4333633.61,6443044.63
109A74,190,Rawson,4333751.73,6443112.25
109BE6,190,Rawson,4333144.07,6442769.67
109BE7,190,Rawson,4333023.52,6442700.77
109ECA,191,Reconquista,4332931.57,6442152.03
109ECB,191,Reconquista,4332835.37,6442252.31
10C9FC,192,Republica de Italia,4334732.35,6441079.25
10CA35,192,Republica de Italia,4334562.33,6441076.02
10CA3C,192,Republica de Italia,4334344.88,6441072.57
25D37,193,Resistencia,4332865.52,6443432.98
1087A7,193,Resistencia,4332865.52,6443635.98
1087A9,193,Resistencia,4332868.61,6443835.11
10A049,194,Retama,4332442.27,6441779.43
108367,195,Rio Ceballos,4333243.12,6445240.92
10836B,195,Rio Ceballos,4333252.62,6444835.93
10836F,195,Rio Ceballos,4333260.65,6444485.01
1084CB,195,Rio Ceballos,4333269.02,6444160.35
108EDC,196,Rio Cuarto,4333894.48,6443075.78
108EE0,196,Rio Cuarto,4334073.51,6443078.32
108EE2,196,Rio Cuarto,4334214.62,6443082.64
108EE4,196,Rio Cuarto,4334363.37,6443084.55
108EE6,196,Rio Cuarto,4334524.19,6443088.11
108EE8,196,Rio Cuarto,4334690.07,6443090.9
108C04,197,Rio Tercero,4334670.29,6443378.01
108C06,197,Rio Tercero,4334506.63,6443373.59
108C08,197,Rio Tercero,4334353.18,6443371.23
108C0A,197,Rio Tercero,4334203.69,6443367.51
108C0C,197,Rio Tercero,4334059.35,6443364.77
108C0E,197,Rio Tercero,4333889.05,6443363.02
1A66C,198,Rivadavia,4333705.78,6442557.21
109A67,198,Rivadavia,4333733.5,6442622.9
109A68,198,Rivadavia,4333812.69,6442668.82
10A331,198,Rivadavia,4333676.12,6442457.53
10A335,198,Rivadavia,4333642.32,6442338.23
10A339,198,Rivadavia,4333605.82,6442210.3
10A343,198,Rivadavia,4333580.12,6442120.02
10A344,198,Rivadavia,4333549.89,6442018.49
10A4BE,198,Rivadavia,4333502.51,6441873.75
10A4C0,198,Rivadavia,4333457.26,6441717.25
10CA26,199,Roma,4334164.69,6441620.9
10CA27,199,Roma,4334082.78,6441652.29
10CA28,199,Roma,4334256.37,6441596.2
10CA29,199,Roma,4334326.16,6441577.03
10CA2A,199,Roma,4334398.3,6441556.36
10CA2B,199,Roma,4334473.26,6441536.2
109EDC,200,Romerillo,4332476.5,6442439.79
109EDD,200,Romerillo,4332481.77,6442359.75
109EDE,200,Romerillo,4332531.08,6442207.67
109EDF,200,Romerillo,4332582.42,6442066.22
109EE0,200,Romerillo,4332639.64,6442011.04
10AA63,201,Roque Saenz Peña,4333047.66,6441492.9
10AA64,201,Roque Saenz Peña,4332940.55,6441510.7
10AA65,201,Roque Saenz Peña,4332824.85,6441528.14
10AA66,201,Roque Saenz Peña,4332681.02,6441551.06
10A04B,202,Rosa Mosqueta,4332394.94,6441362.0
10A04C,202,Rosa Mosqueta,4332405.29,6441476.8
109785,203,Rosario,4332890.79,6443052.63
10978E,203,Rosario,4333004.79,6443113.68
10978F,203,Rosario,4333144.66,6443186.68
109790,203,Rosario,4333301.48,6443283.32
109791,203,Rosario,4333449.1,6443366.56
109796,203,Rosario,4332811.95,6443006.98
10A788,204,Ruta Pcial S-228,4334029.07,6441462.13
10AEAB,204,Ruta Pcial S-228,4334115.17,6441263.1
10AEAC,204,Ruta Pcial S-228,4334053.56,6441378.74
10C20F,204,Ruta Pcial S-228,4334259.31,6441141.32
10C210,204,Ruta Pcial S-228,4334402.41,6440980.19
10C211,204,Ruta Pcial S-228,4334522.67,6440745.8
10C4AA,204,Ruta Pcial S-228,4334635.27,6440545.27
10C4AB,204,Ruta Pcial S-228,4334733.47,6440301.46
10C4AC,204,Ruta Pcial S-228,4334817.69,6440031.69
1084D6,205,Ruta Pcial S-273,4333177.53,6445235.52
1084D7,205,Ruta Pcial S-273,4333040.62,6444709.8
1084D8,205,Ruta Pcial S-273,4332782.85,6444270.0
1084D9,205,Ruta Pcial S-273,4332604.36,6443731.99
1084DA,205,Ruta Pcial S-273,4332594.14,6443438.67
1094B4,205,Ruta Pcial S-273,4332662.39,6443270.71
1094B5,205,Ruta Pcial S-273,4332894.59,6443033.28
1094B6,205,Ruta Pcial S-273,4333085.3,6442917.67
1094B7,205,Ruta Pcial S-273,4333322.06,6442774.92
1094B8,205,Ruta Pcial S-273,4333617.14,6442639.2
1094B9,205,Ruta Pcial S-273,4333874.29,6442569.31
1094BA,205,Ruta Pcial S-273,4333997.59,6442391.8
10A34B,205,Ruta Pcial S-273,4334118.23,6442120.21
10A34C,205,Ruta Pcial S-273,4334141.48,6441960.69
10A34D,205,Ruta Pcial S-273,4334079.81,6441681.86
10A34E,205,Ruta Pcial S-273,4334033.87,6441536.79
10A4A7,205,Ruta Pcial S-273,4334128.08,6441803.21
10CCDC,206,Saint Alfio,4334153.36,6441479.27
10C75B,207,Salvador Allende,4334727.45,6441726.67
10B488,208,Samuel Morse,4332427.44,6440767.64
10B48A,208,Samuel Morse,4332415.07,6440584.08
10B48B,208,Samuel Morse,4332351.99,6440351.01
10B48C,208,Samuel Morse,4332393.45,6440174.33
10B022,209,San Expedito,4332990.4,6441077.44
108EEA,210,San Francisco,4334523.52,6443159.41
109044,210,San Francisco,4334692.04,6443162.64
10B18A,211,San Ignacio,4332644.32,6441092.05
109D6C,212,San Juan,4333279.4,6442226.96
10A1B5,212,San Juan,4333307.9,6442135.75
1A66D,213,San Lorenzo,4333816.04,6442522.97
10A332,213,San Lorenzo,4333786.38,6442423.28
10A336,213,San Lorenzo,4333752.58,6442303.99
10A33A,213,San Lorenzo,4333716.08,6442176.06
10A342,213,San Lorenzo,4333685.69,6442078.11
10A4BD,213,San Lorenzo,4333608.08,6441831.85
10A4BF,213,San Lorenzo,4333562.83,6441675.35
109A60,214,San Nicolas,4333122.82,6442928.29
109A79,214,San Nicolas,4333250.09,6443000.19
109A7A,214,San Nicolas,4333395.93,6443082.8
109A7B,214,San Nicolas,4333548.78,6443169.38
109A7C,214,San Nicolas,4333664.01,6443235.54
109A7D,214,San Nicolas,4333761.95,6443287.9
109BE1,214,San Nicolas,4332947.37,6442827.21
109BE2,214,San Nicolas,4332797.97,6442742.35
109786,215,San Pedro,4332979.02,6443015.88
109792,215,San Pedro,4333181.89,6443130.0
109793,215,San Pedro,4333335.99,6443218.42
109794,215,San Pedro,4333479.14,6443299.49
109795,215,San Pedro,4333599.09,6443366.76
109797,215,San Pedro,4332856.96,6442947.25
10AEA8,216,San Roque,4333895.5,6441134.09
109D5A,217,Santa Clara,4333248.7,6442342.91
36D51,218,Santa Fe,4333504.26,6442109.52
10A1B4,218,Santa Fe,4333382.66,6442144.36
10A31B,218,Santa Fe,4333613.77,6442077.81
10A31E,218,Santa Fe,4333723.28,6442047.46
10A321,218,Santa Fe,4333832.75,6442014.35
10A324,218,Santa Fe,4333942.26,6441982.61
10A327,218,Santa Fe,4334032.31,6441955.61
1081E7,219,Santa Rosa,4334089.05,6444102.81
1081EC,219,Santa Rosa,4334574.5,6444114.8
10834C,219,Santa Rosa,4333724.81,6444097.48
10834D,219,Santa Rosa,4333181.72,6444084.9
10834E,219,Santa Rosa,4332729.57,6444074.49
108A87,219,Santa Rosa,4334279.81,6444108.01
108A88,219,Santa Rosa,4333884.89,6444098.0
10A4C3,220,Sargento Cabral,4333280.03,6441930.19
10A624,220,Sargento Cabral,4333243.2,6441802.78
10AA52,220,Sargento Cabral,4333556.67,6441364.57
10AA53,220,Sargento Cabral,4333491.37,6441417.54
10AA54,220,Sargento Cabral,4333419.94,6441477.82
10AA55,220,Sargento Cabral,4333322.43,6441573.65
10AA56,220,Sargento Cabral,4333303.64,6441685.56
10892B,221,Sarmiento,4334033.54,6443959.02
108A96,221,Sarmiento,4334037.87,6443709.61
108D7B,221,Sarmiento,4334040.62,6443550.18
1091C5,221,Sarmiento,4334047.12,6443249.68
1091D5,221,Sarmiento,4334051.52,6442977.99
109499,221,Sarmiento,4334055.11,6442804.38
1094A2,221,Sarmiento,4334058.5,6442614.46
1094B3,221,Sarmiento,4334063.36,6442387.81
10806D,222,Simon Bolivar,4334755.54,6445052.95
108071,222,Simon Bolivar,4334766.12,6444668.46
108072,222,Simon Bolivar,4334775.1,6444234.87
108A92,222,Simon Bolivar,4334746.68,6443395.5
108A93,222,Simon Bolivar,4334741.02,6443658.29
10CA15,223,Siracussa,4334108.4,6442290.69
10B01B,224,Sta Rosa de Lima,4333390.18,6441114.7
1A677,225,Suipacha,4334052.47,6442106.94
10A346,225,Suipacha,4334017.69,6441987.92
10A348,225,Suipacha,4333990.05,6441887.63
10A4B5,225,Suipacha,4333935.62,6441736.3
10A4B7,225,Suipacha,4333894.94,6441588.99
109BEE,226,Talleres,4333297.92,6442516.79
109BF0,226,Talleres,4333155.5,6442435.74
109BF2,226,Talleres,4333044.29,6442371.84
10834F,227,Tanti,4332832.24,6444204.71
108353,227,Tanti,4333200.25,6444212.96
10B60E,228,Thomas Edison,4332056.38,6440437.16
10B611,228,Thomas Edison,4332089.74,6440305.09
10B612,228,Thomas Edison,4332133.98,6440126.91
109BF3,229,Tomillo,4332733.31,6442827.5
109ED0,229,Tomillo,4332670.77,6442638.25
109ED1,229,Tomillo,4332660.37,6442546.24
109ED2,229,Tomillo,4332701.77,6442465.26
109ED3,229,Tomillo,4332734.15,6442317.43
109ED4,229,Tomillo,4332666.64,6442131.91
109ED5,229,Tomillo,4332614.51,6441970.75
109ED6,229,Tomillo,4332609.8,6441864.91
109ED7,229,Tomillo,4332603.75,6441749.53
1A650,230,Tucuman,4333398.61,6442497.18
10A30E,230,Tucuman,4333499.83,6442468.04
10A310,230,Tucuman,4333617.44,6442432.87
10A312,230,Tucuman,4333736.14,6442396.95
10A314,230,Tucuman,4333836.02,6442368.02
10A316,230,Tucuman,4333921.51,6442343.24
10CA3B,231,Turin,4334342.83,6441143.23
10CA3E,231,Turin,4334464.05,6441146.6
167F3,232,Ugarteche,4333242.24,6442656.21
109BEB,232,Ugarteche,4333087.99,6442569.35
109BEC,232,Ugarteche,4332957.26,6442489.78
10C74E,233,Unasur,4334575.92,6442253.25
10C9FE,233,Unasur,4334577.35,6442129.91
10CA01,233,Unasur,4334580.87,6441977.77
10CA04,233,Unasur,4334583.51,6441829.79
10CA07,233,Unasur,4334589.08,6441544.14
10CA0A,233,Unasur,4334585.25,6441692.54
10CA0D,233,Unasur,4334592.12,6441406.19
10CA10,233,Unasur,4334594.64,6441273.86
10C9FB,234,Union Latinoamerica,4334722.68,6441150.16
10CA34,234,Union Latinoamerica,4334552.66,6441146.93
16807,235,Valentin Gomez,4332696.93,6443280.97
10962A,235,Valentin Gomez,4332842.45,6443364.81
10CA21,236,Venecia,4334388.57,6441713.79
10CA22,236,Venecia,4334473.7,6441675.88
10CA23,236,Venecia,4334312.12,6441749.18
10CA24,236,Venecia,4334240.34,6441780.19
10CA25,236,Venecia,4334179.16,6441807.23
10CCDA,237,Venezia,4334296.99,6441424.74
10CCDF,237,Venezia,4334294.45,6441661.71
10CCE3,237,Venezia,4334291.5,6441828.8
10CCE7,237,Venezia,4334286.34,6441998.26
10CCEB,237,Venezia,4334284.24,6442128.1
10CCEF,237,Venezia,4334282.08,6442251.79
10C759,238,Victor Jara,4334733.79,6441872.02
10ABC9,239,Victoria,4332806.97,6441566.09
10ABD2,239,Victoria,4332790.49,6441463.41
10ABD5,239,Victoria,4332772.93,6441335.9
10B024,239,Victoria,4332728.55,6441217.78
10B027,239,Victoria,4332636.99,6441134.42
108BFC,240,Villa Carlos Paz,4334659.71,6443632.8
108BFE,240,Villa Carlos Paz,4334488.64,6443629.73
108BFF,240,Villa Carlos Paz,4334332.6,6443627.25
1084D1,241,Villa Dolores,4332926.61,6444143.38
108EDB,242,Villa Maria,4333891.31,6443218.55
108EDF,242,Villa Maria,4334070.34,6443221.09
108EE1,242,Villa Maria,4334211.45,6443225.41
108EE3,242,Villa Maria,4334360.2,6443227.32
108EE5,242,Villa Maria,4334521.02,6443230.88
108EE7,242,Villa Maria,4334686.9,6443233.67
10B021,243,Virgen de Famatina,4333053.68,6441086.46
10B025,244,Virgen de Guadalupe,4332659.65,6441218.48
10B026,244,Virgen de Guadalupe,4332763.51,6441147.79
10B020,245,Virgen de Lujan,4333035.25,6441163.59
10AEA7,246,Virgen de Santa Rita,4333934.01,6441265.14
10AEB0,247,Virgen del Carmen,4333728.82,6441053.51
1091AA,248,Vladimiro Tentori,4334167.41,6442863.11
109335,248,Vladimiro Tentori,4334537.82,6442870.59
109336,248,Vladimiro Tentori,4334706.07,6442874.16
10835E,249,Washington,4333550.99,6444697.73
10835F,249,Washington,4333453.48,6444679.36
108360,249,Washington,4333400.8,6444573.99
25DA0,250,Yapeyu,4333536.11,6443434.45
1087B1,250,Yapeyu,4333536.11,6443636.29
1087B3,250,Yapeyu,4333539.68,6443852.11
10A04D,251,Zarzamora,4332430.03,6441473.64
10A04E,251,Zarzamora,4332285.72,6441487.09
